Date,Company,Open,High,Low,Close,Adj Close,Volume,Daily Return %,5-Day Moving Average,Profit_Value,Profit/Loss
2025/03/07,TCS,2892.97,2908.95,2878.99,2893.28,2891.9,114835,0.0001,1829.86,0.31,Profit
2025/03/07,INFY,1266.67,1271.89,1259.93,1262.37,1260.55,192803,-0.0034,1831.404,-4.3,Loss
2025/03/07,WIPRO,1949.49,1957.29,1940.21,1946.31,1945,323996,-0.0016,1830.538,-3.18,Loss
2025/03/07,HDFC,688.6,703.98,670.86,692.82,691.82,466456,0.0061,1829.46,4.22,Profit
2025/03/07,RELIANCE,2354.74,2374.55,2349.14,2354.52,2355.99,133075,-0.0001,1824.45,-0.22,Loss
2025/03/10,TCS,2890.79,2906.41,2885.48,2901,2902.88,327903,0.0035,1826.182,10.21,Profit
2025/03/10,INFY,1251.63,1258.1,1239.26,1258.04,1257.93,165944,0.0051,1823.184,6.41,Profit
2025/03/10,WIPRO,1930.97,1950.71,1924.29,1940.92,1940.51,156769,0.0052,1820.296,9.95,Profit
2025/03/10,HDFC,667.73,687.55,648.57,667.77,665.93,474865,0.0001,1822.166,0.04,Profit
2025/03/10,RELIANCE,2351.38,2367.26,2339.08,2363.18,2364.67,151542,0.005,1825.698,11.8,Profit
2025/03/11,TCS,2883.31,2891.04,2875.56,2886.01,2885.23,284736,0.0009,1826.526,2.7,Profit
2025/03/11,INFY,1251.47,1262.45,1237.23,1243.6,1244.14,250957,-0.0063,1822.168,-7.87,Loss
2025/03/11,WIPRO,1950.23,1957.79,1935.2,1950.27,1951.99,204247,0,1823.71,0.04,Profit
2025/03/11,HDFC,687.3,695.01,673.78,685.43,687.09,342063,-0.0027,1829.828,-1.87,Loss
2025/03/11,RELIANCE,2365.27,2374.42,2351.38,2367.32,2368.97,305545,0.0009,1830.064,2.05,Profit
2025/03/12,TCS,2861.87,2871.24,2847.69,2864.22,2862.78,488073,0.0008,1829.66,2.35,Profit
2025/03/12,INFY,1252.72,1267.11,1240.17,1251.31,1252.74,474764,-0.0011,1830.694,-1.41,Loss
2025/03/12,WIPRO,1976.43,1985.63,1959.89,1980.86,1979.61,340506,0.0022,1828.872,4.43,Profit
2025/03/12,HDFC,687.47,707.04,668.31,686.61,686.51,316105,-0.0013,1820.966,-0.86,Loss
2025/03/12,RELIANCE,2372.33,2386.8,2356.33,2365.3,2363.83,227627,-0.003,1819.566,-7.03,Loss
2025/03/13,TCS,2878.92,2890.76,2862.14,2869.39,2868.19,390916,-0.0033,1821.068,-9.53,Loss
2025/03/13,INFY,1244.18,1250.24,1229.54,1242.2,1240.31,180880,-0.0016,1829.462,-1.98,Loss
2025/03/13,WIPRO,1948.37,1960.98,1939.73,1941.33,1939.79,269412,-0.0036,1833.524,-7.04,Loss
2025/03/13,HDFC,683.28,693.07,665.85,679.61,677.76,240741,-0.0054,1834.848,-3.67,Loss
2025/03/13,RELIANCE,2371.94,2379.64,2363.38,2372.81,2374.7,482417,0.0004,1833.284,0.87,Profit
2025/03/14,TCS,2913.59,2919.29,2899.48,2911.36,2910.04,130980,-0.0008,1832.846,-2.23,Loss
2025/03/14,INFY,1260.47,1274.1,1249.65,1262.51,1263.08,188539,0.0016,1827.046,2.04,Profit
2025/03/14,WIPRO,1940.76,1954.48,1933.44,1947.95,1947.87,171024,0.0037,1828.49,7.19,Profit
2025/03/14,HDFC,668.95,675.76,662.8,671.79,672.58,445061,0.0042,1829.146,2.84,Profit
2025/03/14,RELIANCE,2370.24,2382.62,2361.53,2370.62,2372.1,419364,0.0002,1832.63,0.38,Profit
2025/03/17,TCS,2881.99,2897.25,2870.39,2882.36,2880.85,424017,0.0001,1830.252,0.37,Profit
2025/03/17,INFY,1275.33,1294.45,1264.54,1269.73,1271.57,277740,-0.0044,1831.282,-5.6,Loss
2025/03/17,WIPRO,1949.48,1959.53,1942.46,1951.23,1949.48,378755,0.0009,1826.582,1.75,Profit
2025/03/17,HDFC,695.56,701.54,685.83,689.21,689.37,150185,-0.0091,1826.974,-6.35,Loss
2025/03/17,RELIANCE,2374.72,2385.11,2360.83,2358.73,2357.38,223269,-0.0067,1825.084,-15.99,Loss
2025/03/18,TCS,2882.66,2901.3,2873.78,2887.51,2888.16,124549,0.0017,1826.802,4.85,Profit
2025/03/18,INFY,1249.14,1258.92,1231.47,1246.23,1244.32,421733,-0.0023,1825.902,-2.91,Loss
2025/03/18,WIPRO,1949.98,1965.2,1933.58,1953.19,1953.57,318892,0.0016,1826.26,3.21,Profit
2025/03/18,HDFC,676.49,690.88,658.2,679.76,680.22,385644,0.0048,1820.21,3.27,Profit
2025/03/18,RELIANCE,2370.74,2379.61,2355.89,2367.32,2366.62,353520,-0.0014,1822.298,-3.42,Loss
2025/03/19,TCS,2890.09,2903.29,2882.32,2883.01,2884.89,237271,-0.0024,1822.418,-7.08,Loss
2025/03/19,INFY,1248.11,1254.88,1232.66,1248.02,1248.54,110013,-0.0001,1825.986,-0.09,Loss
2025/03/19,WIPRO,1931.28,1941.51,1912.34,1922.94,1924.26,142690,-0.0043,1829.27,-8.34,Loss
2025/03/19,HDFC,683.82,702.91,666.84,690.2,692.19,195731,0.0093,1836.484,6.38,Profit
2025/03/19,RELIANCE,2362.32,2381.87,2350.51,2367.92,2366.86,107274,0.0024,1836.69,5.6,Profit
2025/03/20,TCS,2890.19,2909.02,2883.86,2900.85,2899.63,447443,0.0037,1833.168,10.66,Profit
2025/03/20,INFY,1257.62,1274.67,1248.39,1264.44,1263.15,312666,0.0054,1830.24,6.82,Profit
2025/03/20,WIPRO,1957.7,1965.42,1951.7,1959.01,1959.97,477610,0.0007,1831.124,1.31,Profit
2025/03/20,HDFC,695.23,706.26,683.03,691.23,691.74,468353,-0.0058,1832.13,-4,Loss
2025/03/20,RELIANCE,2346.05,2363.48,2334.59,2350.31,2349.3,387362,0.0018,1830.572,4.26,Profit
2025/03/21,TCS,2886.84,2897.67,2877.77,2886.21,2887.52,454936,-0.0002,1837.762,-0.63,Loss
2025/03/21,INFY,1261.47,1281.33,1250.28,1268.86,1268.35,420650,0.0059,1835.148,7.39,Profit
2025/03/21,WIPRO,1967.68,1974.78,1950.75,1964.04,1962.85,189681,-0.0018,1832.108,-3.64,Loss
2025/03/21,HDFC,678.54,689.86,662.48,683.44,682.4,460010,0.0072,1829.768,4.9,Profit
2025/03/21,RELIANCE,2382.01,2389.52,2374.5,2386.26,2384.41,377502,0.0018,1828.262,4.25,Profit
2025/03/24,TCS,2874.53,2887.67,2867.42,2873.14,2874.35,221976,-0.0005,1826.772,-1.39,Loss
2025/03/24,INFY,1247.31,1266.27,1229.43,1253.66,1253.38,256143,0.0051,1827.786,6.35,Profit
2025/03/24,WIPRO,1952.82,1970.04,1937.84,1952.34,1952.43,378561,-0.0002,1829.118,-0.48,Loss
2025/03/24,HDFC,680,689.31,670.56,675.91,674.84,243211,-0.006,1830.63,-4.09,Loss
2025/03/24,RELIANCE,2375.47,2387.59,2357.81,2378.81,2380.03,168821,0.0014,1831.77,3.34,Profit
2025/03/25,TCS,2881.23,2886.31,2864,2878.21,2879.04,138435,-0.001,1831.848,-3.02,Loss
2025/03/25,INFY,1262.25,1268.8,1243.71,1260.32,1260.34,286504,-0.0015,1835.922,-1.93,Loss
2025/03/25,WIPRO,1964.71,1975.6,1947.46,1959.9,1959.66,251099,-0.0024,1835.32,-4.81,Loss
2025/03/25,HDFC,682.65,693.41,667.46,681.61,680.48,311909,-0.0015,1830.288,-1.04,Loss
2025/03/25,RELIANCE,2377.3,2385.39,2370.62,2379.2,2378.28,382205,0.0008,1829.31,1.9,Profit
2025/03/26,TCS,2896.94,2903.05,2886.56,2898.58,2897.04,412649,0.0006,1827.624,1.64,Profit
2025/03/26,INFY,1248.77,1267.2,1237.93,1257.31,1255.35,101039,0.0068,1827.546,8.54,Profit
2025/03/26,WIPRO,1949.24,1958.76,1933.03,1934.74,1934.75,307847,-0.0074,1827.968,-14.5,Loss
2025/03/26,HDFC,681.34,699.53,662.17,676.72,676.59,425478,-0.0068,1832.416,-4.62,Loss
2025/03/26,RELIANCE,2367.48,2386.53,2361.89,2370.77,2369.26,127508,0.0014,1832.948,3.29,Profit
2025/03/27,TCS,2891.31,2901.27,2885.36,2898.19,2897.43,274538,0.0024,1833.292,6.88,Profit
2025/03/27,INFY,1257.24,1276.5,1243.64,1259.42,1259.95,150935,0.0017,1832.34,2.18,Profit
2025/03/27,WIPRO,1959.27,1970.03,1946.12,1956.98,1958.61,172458,-0.0012,1826.71,-2.29,Loss
2025/03/27,HDFC,671.77,691.64,663.29,679.38,681.15,353807,0.0113,1825.498,7.61,Profit
2025/03/27,RELIANCE,2374.33,2384.07,2361.72,2372.49,2370.66,381289,-0.0008,1830.6,-1.84,Loss
2025/03/28,TCS,2899.8,2914.36,2881.49,2893.43,2893.32,182816,-0.0022,1830.852,-6.37,Loss
2025/03/28,INFY,1236.08,1246.01,1220.99,1231.27,1232.28,116800,-0.0039,1830.144,-4.81,Loss
2025/03/28,WIPRO,1947.15,1966.25,1932.73,1950.92,1950.26,468490,0.0019,1835.962,3.77,Profit
2025/03/28,HDFC,694.67,707.36,686.21,704.89,703.6,185284,0.0147,1837.368,10.22,Profit
2025/03/28,RELIANCE,2368.39,2386.41,2356.57,2373.75,2373.81,161279,0.0023,1831.832,5.36,Profit
2025/03/31,TCS,2891.62,2908.03,2878.2,2889.89,2890.97,474614,-0.0006,1834.682,-1.73,Loss
2025/03/31,INFY,1260.24,1266.61,1247.82,1260.36,1258.59,402940,0.0001,1840.73,0.12,Profit
2025/03/31,WIPRO,1959.38,1973.68,1946.38,1957.95,1959.53,348890,-0.0007,1837.854,-1.43,Loss
2025/03/31,HDFC,676.77,693.46,666.52,677.21,675.44,479291,0.0007,1836.988,0.44,Profit
2025/03/31,RELIANCE,2387.88,2394.97,2382.43,2388,2387.23,382897,0.0001,1836.32,0.12,Profit
2025/04/01,TCS,2921.72,2933.13,2916.34,2920.13,2918.56,468262,-0.0005,1830.444,-1.59,Loss
2025/04/01,INFY,1233.1,1251.42,1222.84,1245.98,1244.45,154940,0.0104,1823.602,12.88,Profit
2025/04/01,WIPRO,1951.13,1960.81,1942.4,1953.62,1954.6,251377,0.0013,1826.244,2.49,Profit
2025/04/01,HDFC,679.27,695.64,663.83,673.87,672.49,289931,-0.0079,1826.216,-5.4,Loss
2025/04/01,RELIANCE,2357.62,2372.72,2338.07,2358.62,2357,413641,0.0004,1827.102,1,Profit
2025/04/02,TCS,2888.87,2898.59,2876.24,2885.92,2887.55,184884,-0.001,1830.48,-2.95,Loss
2025/04/02,INFY,1258.13,1272.4,1251.61,1259.19,1257.53,111487,0.0008,1829.122,1.06,Profit
2025/04/02,WIPRO,1956.72,1973.16,1938.57,1953.48,1952.85,419529,-0.0017,1827.596,-3.24,Loss
2025/04/02,HDFC,677.48,685.84,664.43,678.3,678.67,353625,0.0012,1830.11,0.82,Profit
2025/04/02,RELIANCE,2360.76,2378.78,2353.1,2375.51,2376.28,382662,0.0062,1830.452,14.75,Profit
2025/04/03,TCS,2882.66,2898.99,2874.23,2879.13,2877.44,480994,-0.0012,1830.316,-3.53,Loss
2025/04/03,INFY,1249.67,1267,1234.08,1251.56,1249.89,377197,0.0015,1830.156,1.89,Profit
2025/04/03,WIPRO,1968.87,1976.12,1960.43,1966.05,1966.94,145648,-0.0014,1826.138,-2.82,Loss
2025/04/03,HDFC,674.6,692.76,665.62,680.01,678.53,499244,0.008,1827.45,5.41,Profit
2025/04/03,RELIANCE,2366.69,2380.96,2348.66,2374.83,2375.11,201653,0.0034,1829.112,8.14,Profit
2025/04/04,TCS,2879.92,2898.87,2862.8,2878.33,2878.86,308605,-0.0006,1830.282,-1.59,Loss
2025/04/04,INFY,1239.52,1256.71,1220.31,1231.47,1233.41,266467,-0.0065,1831.986,-8.05,Loss
2025/04/04,WIPRO,1964.7,1980.11,1951.56,1972.61,1971.62,168344,0.004,1835.484,7.91,Profit
2025/04/04,HDFC,685.86,700.69,672.6,688.32,686.67,498888,0.0036,1830.022,2.46,Profit
2025/04/04,RELIANCE,2378.06,2386.3,2363.18,2380.68,2380.26,465717,0.0011,1823.508,2.62,Profit
2025/04/07,TCS,2890.57,2898.37,2872.18,2886.85,2887.01,436427,-0.0013,1819.012,-3.72,Loss
2025/04/07,INFY,1247.36,1253.61,1230.7,1248.96,1249.19,276615,0.0013,1817.212,1.6,Profit
2025/04/07,WIPRO,1945.42,1964.05,1931.67,1945.3,1944.9,440559,-0.0001,1819.204,-0.12,Loss
2025/04/07,HDFC,665.51,674.41,649.66,655.75,655.73,251407,-0.0147,1821.948,-9.76,Loss
2025/04/07,RELIANCE,2359.28,2374.15,2339.29,2358.2,2356.39,199996,-0.0005,1827.12,-1.08,Loss
2025/04/08,TCS,2880.98,2889.4,2869.57,2877.85,2879.12,180215,-0.0011,1829.212,-3.13,Loss
2025/04/08,INFY,1262.58,1269.25,1250.19,1258.92,1256.97,407359,-0.0029,1826.43,-3.66,Loss
2025/04/08,WIPRO,1962.54,1969.84,1948.75,1959.02,1959.04,463926,-0.0018,1824.036,-3.52,Loss
2025/04/08,HDFC,677.82,695.59,665.39,681.61,681.53,373364,0.0056,1822.982,3.79,Profit
2025/04/08,RELIANCE,2366.36,2384.42,2349.62,2368.66,2368.93,299384,0.001,1825.52,2.3,Profit
2025/04/09,TCS,2861.45,2869.78,2854.65,2863.94,2863.29,312532,0.0009,1826.786,2.49,Profit
2025/04/09,INFY,1247.18,1253.96,1240.42,1246.95,1247.55,452631,-0.0002,1831.404,-0.23,Loss
2025/04/09,WIPRO,1953.97,1972.05,1934.99,1953.75,1954.01,342446,-0.0001,1836.266,-0.22,Loss
2025/04/09,HDFC,695.06,705.28,679.89,694.3,694.56,123379,-0.0011,1838.734,-0.76,Loss
2025/04/09,RELIANCE,2372.64,2383.7,2362.73,2374.99,2375.66,323905,0.001,1837.49,2.35,Profit
2025/04/10,TCS,2886.39,2899.17,2870.84,2887.03,2886.48,335254,0.0002,1838.332,0.64,Profit
2025/04/10,INFY,1259.19,1278.62,1248.57,1271.26,1270.4,342333,0.0096,1836.838,12.07,Profit
2025/04/10,WIPRO,1960.81,1976.42,1953.52,1966.09,1966.4,431887,0.0027,1834.584,5.28,Profit
2025/04/10,HDFC,688.84,705.8,673.96,688.08,689.48,261274,-0.0011,1831.474,-0.76,Loss
2025/04/10,RELIANCE,2372.97,2389.94,2361.44,2379.2,2380.47,179406,0.0026,1832.196,6.23,Profit
2025/04/11,TCS,2887.81,2897.32,2878.54,2879.56,2877.71,124956,-0.0029,1828.49,-8.25,Loss
2025/04/11,INFY,1250.57,1270.02,1245.39,1259.99,1261.87,467989,0.0075,1832.42,9.42,Profit
2025/04/11,WIPRO,1942.59,1958.64,1923.57,1950.54,1952.24,482161,0.0041,1830.962,7.95,Profit
2025/04/11,HDFC,687.06,704.62,671.6,691.69,692.41,238356,0.0067,1830.168,4.63,Profit
2025/04/11,RELIANCE,2368.2,2373.29,2358.33,2360.67,2360.14,475866,-0.0032,1830.76,-7.53,Loss
2025/04/14,TCS,2888.6,2894.37,2879.42,2899.21,2900.84,292994,0.0037,1834.28,10.61,Profit
2025/04/14,INFY,1256.24,1262.35,1242.93,1252.7,1254.58,346609,-0.0028,1829.722,-3.54,Loss
2025/04/14,WIPRO,1946.1,1965.87,1928.52,1946.57,1945.07,455549,0.0002,1835.302,0.47,Profit
2025/04/14,HDFC,696.82,704.2,678.61,694.65,696.14,220141,-0.0031,1843.306,-2.17,Loss
2025/04/14,RELIANCE,2382.95,2393.78,2371.22,2378.27,2377.22,116832,-0.002,1840.276,-4.68,Loss
2025/04/15,TCS,2882.25,2894.59,2862.47,2876.42,2875.39,469445,-0.002,1834.04,-5.83,Loss
2025/04/15,INFY,1276.76,1292.2,1264.94,1280.6,1281.11,478246,0.003,1838.658,3.84,Profit
2025/04/15,WIPRO,1981.39,1992.38,1975.57,1986.59,1985.93,316764,0.0026,1834.912,5.2,Profit
2025/04/15,HDFC,679.3,695.45,671.89,679.5,680.77,331160,0.0003,1824.542,0.2,Profit
2025/04/15,RELIANCE,2354.07,2360.17,2340.02,2347.09,2347.76,331121,-0.003,1826.158,-6.98,Loss
2025/04/16,TCS,2899.43,2907.99,2883.51,2899.51,2898.98,332170,0,1830.292,0.08,Profit
2025/04/16,INFY,1262.72,1268.4,1253.51,1261.87,1263.67,470110,-0.0007,1832.862,-0.85,Loss
2025/04/16,WIPRO,1945.88,1958.94,1927.08,1934.74,1934.13,475984,-0.0057,1832.556,-11.14,Loss
2025/04/16,HDFC,683.29,688.39,673.98,687.58,688.05,210931,0.0063,1838.87,4.29,Profit
2025/04/16,RELIANCE,2360.12,2370.82,2342.17,2367.76,2367.84,175933,0.0032,1837.532,7.64,Profit
2025/04/17,TCS,2902.05,2915.09,2895.7,2912.36,2913.7,348322,0.0036,1836.394,10.31,Profit
2025/04/17,INFY,1252.89,1267.19,1243.73,1260.34,1259.09,345956,0.0059,1828.148,7.45,Profit
2025/04/17,WIPRO,1968.7,1980.48,1960.33,1966.31,1966.12,192930,-0.0012,1822.864,-2.39,Loss
2025/04/17,HDFC,683.25,692.15,668.74,680.89,681.05,138151,-0.0035,1820.158,-2.36,Loss
2025/04/17,RELIANCE,2362.46,2372.58,2351.76,2362.07,2361.67,299661,-0.0002,1820.514,-0.39,Loss
2025/04/18,TCS,2878.09,2883.7,2864.23,2871.13,2871.84,482530,-0.0024,1825.75,-6.96,Loss
2025/04/18,INFY,1232.76,1246.51,1226.59,1233.92,1235.82,161686,0.0009,1828.148,1.16,Profit
2025/04/18,WIPRO,1953.54,1966.02,1942.26,1952.78,1954.44,209822,-0.0004,1828.894,-0.76,Loss
2025/04/18,HDFC,679.92,696.34,666.8,682.67,684.52,320034,0.004,1830.782,2.75,Profit
2025/04/18,RELIANCE,2377.23,2391.35,2360.76,2388.25,2389.5,142158,0.0046,1833.068,11.02,Profit
2025/04/21,TCS,2888.09,2896.49,2873.41,2883.12,2881.82,304825,-0.0017,1830.006,-4.97,Loss
2025/04/21,INFY,1234.87,1252.08,1219.6,1237.65,1236.3,495375,0.0023,1831.892,2.78,Profit
2025/04/21,WIPRO,1966.8,1981.28,1961.6,1962.22,1962.87,306440,-0.0023,1834.454,-4.58,Loss
2025/04/21,HDFC,695.09,714.07,688.55,694.1,695.85,463704,-0.0014,1830.198,-0.99,Loss
2025/04/21,RELIANCE,2364.47,2383.38,2358.57,2372.94,2374.68,144913,0.0036,1826.67,8.47,Profit
2025/04/22,TCS,2878.81,2897.86,2871.75,2892.55,2891.91,320916,0.0048,1824.038,13.74,Profit
2025/04/22,INFY,1240.8,1259.79,1222.81,1250.46,1248.64,233458,0.0078,1822.734,9.66,Profit
2025/04/22,WIPRO,1953.31,1959.59,1933.36,1940.94,1940.95,380405,-0.0063,1822.746,-12.37,Loss
2025/04/22,HDFC,678.54,688.05,662.92,676.46,674.73,403488,-0.0031,1825.362,-2.08,Loss
2025/04/22,RELIANCE,2359.46,2371.75,2350.61,2359.78,2358.92,363760,0.0001,1824.878,0.32,Profit
2025/04/23,TCS,2884.43,2899.33,2867.17,2886.03,2886.25,425377,0.0006,1827.988,1.6,Profit
2025/04/23,INFY,1253.26,1270.42,1233.45,1250.52,1249.12,184015,-0.0022,1824.146,-2.74,Loss
2025/04/23,WIPRO,1949.22,1965.47,1941.07,1954.02,1955.61,471346,0.0025,1822.962,4.8,Profit
2025/04/23,HDFC,664.9,679.21,659.21,674.04,675.53,179832,0.0137,1821.01,9.14,Profit
2025/04/23,RELIANCE,2376.71,2389.8,2367.04,2375.33,2375.77,171855,-0.0006,1823.162,-1.38,Loss
2025/04/24,TCS,2871.93,2878.33,2853.47,2866.82,2868.42,260348,-0.0018,1820.894,-5.11,Loss
2025/04/24,INFY,1236.87,1256.42,1219.24,1244.6,1245.95,117149,0.0062,1822.876,7.73,Profit
2025/04/24,WIPRO,1950.26,1955.81,1938.18,1944.26,1944.52,267852,-0.0031,1819.276,-6,Loss
2025/04/24,HDFC,677.41,693.78,672.04,684.8,682.89,466163,0.0109,1821.802,7.39,Profit
2025/04/24,RELIANCE,2357.1,2368.3,2350.27,2363.99,2362.71,239573,0.0029,1819.276,6.89,Profit
2025/04/25,TCS,2873.6,2883.84,2857.71,2876.73,2878.32,207164,0.0011,1818.216,3.13,Profit
2025/04/25,INFY,1229.48,1238.58,1223.63,1226.6,1228.06,298813,-0.0023,1822.154,-2.88,Loss
2025/04/25,WIPRO,1969.89,1981.5,1958.88,1956.89,1957.13,270193,-0.0066,1827.426,-13,Loss
2025/04/25,HDFC,681.69,698.25,666.44,672.17,671.95,497259,-0.014,1826.064,-9.52,Loss
2025/04/25,RELIANCE,2357.31,2370.19,2341.67,2358.69,2357.12,323007,0.0006,1822.188,1.38,Profit
2025/04/28,TCS,2890.5,2905.13,2884.24,2896.42,2895.07,262889,0.002,1821.824,5.92,Profit
2025/04/28,INFY,1254.05,1270.58,1234.88,1252.96,1254.36,230877,-0.0009,1821.302,-1.09,Loss
2025/04/28,WIPRO,1952.57,1970.5,1933.38,1950.08,1949.57,207525,-0.0013,1818.048,-2.49,Loss
2025/04/28,HDFC,668.52,675.97,651.6,652.79,653.56,106422,-0.0235,1820.146,-15.73,Loss
2025/04/28,RELIANCE,2351.07,2370.51,2338.82,2356.87,2358.09,410486,0.0025,1828.726,5.8,Profit
2025/04/29,TCS,2890.26,2895.4,2883.74,2893.81,2894.46,123914,0.0012,1829.18,3.55,Profit
2025/04/29,INFY,1250.87,1257.81,1231.56,1236.69,1237.11,352769,-0.0113,1832.866,-14.18,Loss
2025/04/29,WIPRO,1964.33,1975.46,1958.95,1960.57,1959.19,295757,-0.0019,1837.018,-3.76,Loss
2025/04/29,HDFC,694.22,703.32,674.96,695.69,694.29,184832,0.0021,1838.956,1.47,Profit
2025/04/29,RELIANCE,2361.21,2375.71,2341.94,2359.14,2359.55,269785,-0.0009,1837.29,-2.07,Loss
2025/04/30,TCS,2906.66,2921.44,2898.3,2912.24,2913.09,232532,0.0019,1839.024,5.58,Profit
2025/04/30,INFY,1261.12,1275.39,1250.75,1257.45,1255.9,190066,-0.0029,1831.69,-3.67,Loss
2025/04/30,WIPRO,1965.36,1970.77,1957.03,1970.26,1969.18,203967,0.0025,1833.91,4.9,Profit
2025/04/30,HDFC,689.5,700.8,674.92,687.36,686.95,229327,-0.0031,1830.414,-2.14,Loss
2025/04/30,RELIANCE,2367.49,2375.91,2359.31,2367.81,2368.25,232661,0.0001,1831.156,0.32,Profit
2025/05/01,TCS,2880.49,2896.69,2865.75,2875.57,2876.97,248274,-0.0017,1833.812,-4.92,Loss
2025/05/01,INFY,1256.42,1273,1243.62,1268.55,1269.96,250975,0.0097,1839.428,12.13,Profit
2025/05/01,WIPRO,1956.99,1964.67,1942.2,1952.78,1951.73,491185,-0.0022,1843.106,-4.21,Loss
2025/05/01,HDFC,691.98,700.43,683.78,691.07,689.19,431464,-0.0013,1842.694,-0.91,Loss
2025/05/01,RELIANCE,2378.49,2396.99,2368.19,2381.09,2380.04,264903,0.0011,1840.606,2.6,Profit
2025/05/02,TCS,2896.22,2902.63,2885.7,2903.65,2902.71,419864,0.0026,1837.844,7.43,Profit
2025/05/02,INFY,1274.61,1292.76,1263.56,1286.94,1285.48,284338,0.0097,1835.988,12.33,Profit
2025/05/02,WIPRO,1953.6,1969.43,1935.76,1950.72,1952.04,114141,-0.0015,1833.37,-2.88,Loss
2025/05/02,HDFC,670.48,688.45,658.38,680.63,682.5,260994,0.0151,1836.578,10.15,Profit
2025/05/02,RELIANCE,2359.82,2377.16,2348.46,2367.28,2367.95,201657,0.0032,1837.37,7.46,Profit
2025/05/05,TCS,2896.79,2911.26,2879.87,2894.37,2894.38,349970,-0.0008,1836.808,-2.42,Loss
2025/05/05,INFY,1268.89,1277.08,1261.84,1273.85,1271.91,198095,0.0039,1836.934,4.96,Profit
2025/05/05,WIPRO,1972.46,1980.53,1963.06,1966.76,1968.35,378823,-0.0029,1833.254,-5.7,Loss
2025/05/05,HDFC,685.7,702.35,669.14,684.59,685.97,358202,-0.0016,1829.796,-1.11,Loss
2025/05/05,RELIANCE,2369.39,2381.17,2355.59,2364.47,2363.14,278016,-0.0021,1832.242,-4.92,Loss
2025/05/06,TCS,2885.35,2893.28,2869.51,2895,2894.12,163464,0.0033,1834.61,9.65,Profit
2025/05/06,INFY,1264.58,1275.46,1253.02,1255.45,1257.07,395877,-0.0072,1832.012,-9.13,Loss
2025/05/06,WIPRO,1959.26,1970.58,1940.87,1949.47,1950.74,292201,-0.005,1830.532,-9.79,Loss
2025/05/06,HDFC,689.43,696.4,683.94,696.82,698.5,392160,0.0107,1828.222,7.39,Profit
2025/05/06,RELIANCE,2373.34,2381.59,2366.9,2376.31,2374.4,209271,0.0013,1828.994,2.97,Profit
2025/05/07,TCS,2888.42,2896.08,2869.31,2882.01,2883.83,101631,-0.0022,1831.678,-6.41,Loss
2025/05/07,INFY,1256,1272.75,1245.05,1248.05,1248.54,364977,-0.0063,1831.776,-7.95,Loss
2025/05/07,WIPRO,1943.58,1954.28,1929.73,1937.92,1936.99,279526,-0.0029,1828.724,-5.66,Loss
2025/05/07,HDFC,695.49,707.71,688.73,700.68,699.18,253632,0.0075,1831.708,5.19,Profit
2025/05/07,RELIANCE,2379.25,2392.45,2370.77,2389.73,2389.29,272344,0.0044,1828.184,10.48,Profit
2025/05/08,TCS,2885.77,2891,2866.85,2882.5,2882.21,209479,-0.0011,1827.318,-3.27,Loss
2025/05/08,INFY,1236.97,1248.86,1217.27,1232.79,1232.76,478907,-0.0034,1827.592,-4.18,Loss
2025/05/08,WIPRO,1943.2,1956.48,1931.66,1952.84,1952.02,439556,0.005,1832.884,9.64,Profit
2025/05/08,HDFC,676.24,684.25,663.87,683.06,681.32,202055,0.0101,1835.992,6.82,Profit
2025/05/08,RELIANCE,2366.12,2385.94,2359.07,2385.4,2386.18,182260,0.0081,1834.092,19.28,Profit
2025/05/09,TCS,2883.48,2894.26,2865.71,2883.87,2883.14,493922,0.0001,1825.664,0.39,Profit
2025/05/09,INFY,1265.23,1273.83,1259.09,1259.25,1257.77,433577,-0.0047,1826.032,-5.98,Loss
2025/05/09,WIPRO,1965.72,1982.72,1954.34,1968.38,1966.47,352871,0.0014,1824.53,2.66,Profit
2025/05/09,HDFC,667.09,684.05,657.43,673.56,673.38,313446,0.0097,1821.522,6.47,Profit
2025/05/09,RELIANCE,2352.64,2368.4,2337.25,2343.26,2345.23,168722,-0.004,1820.546,-9.38,Loss
2025/05/12,TCS,2890.14,2909.18,2874.7,2885.71,2885.99,424752,-0.0015,1828.352,-4.43,Loss
2025/05/12,INFY,1257.67,1265.4,1247.48,1251.74,1253.33,432936,-0.0047,1829.738,-5.93,Loss
2025/05/12,WIPRO,1959.08,1973.58,1950.21,1953.34,1951.9,172023,-0.0029,1833.95,-5.74,Loss
2025/05/12,HDFC,678.48,692.48,669.11,668.68,669.46,483450,-0.0144,1832.386,-9.8,Loss
2025/05/12,RELIANCE,2372.69,2381.8,2366.5,2382.29,2380.63,179608,0.004,1835.81,9.6,Profit
2025/05/13,TCS,2890.31,2910.16,2883.21,2892.64,2892.71,273958,0.0008,1830.266,2.33,Profit
2025/05/13,INFY,1274.55,1282.13,1266.67,1272.8,1270.96,433143,-0.0014,1830.606,-1.75,Loss
2025/05/13,WIPRO,1943.12,1952.2,1937.84,1945.52,1947.18,388550,0.0012,1825.126,2.4,Profit
2025/05/13,HDFC,686.72,692.31,674.51,685.8,684.22,366941,-0.0013,1826.216,-0.92,Loss
2025/05/13,RELIANCE,2355.99,2366.31,2349.95,2354.57,2354.65,451427,-0.0006,1824.362,-1.42,Loss
2025/05/14,TCS,2891.58,2907.04,2876.04,2894.34,2893.78,356538,0.001,1826.104,2.76,Profit
2025/05/14,INFY,1248.7,1256.36,1242.37,1245.4,1243.88,455915,-0.0026,1825.956,-3.3,Loss
2025/05/14,WIPRO,1957.96,1967.07,1944.65,1950.97,1951.58,452208,-0.0036,1824.408,-6.99,Loss
2025/05/14,HDFC,682.96,697.23,667.42,676.53,676.77,125875,-0.0094,1824.814,-6.43,Loss
2025/05/14,RELIANCE,2369.34,2387.54,2354.58,2363.28,2363.41,217413,-0.0026,1824.87,-6.06,Loss
2025/05/15,TCS,2897.05,2914.2,2879.04,2893.6,2895.25,379100,-0.0012,1821.548,-3.45,Loss
2025/05/15,INFY,1239.66,1250.12,1227.11,1237.66,1238.42,290209,-0.0016,1825.532,-2,Loss
2025/05/15,WIPRO,1951.31,1956.47,1944.26,1953,1954.6,146301,0.0009,1827.542,1.69,Profit
2025/05/15,HDFC,674.24,684.5,668.74,676.81,675.12,291345,0.0038,1829.54,2.57,Profit
2025/05/15,RELIANCE,2355.27,2370.31,2335.36,2346.67,2347.32,419470,-0.0037,1828.31,-8.6,Loss
2025/05/16,TCS,2893.15,2910.12,2878.4,2913.52,2914.33,137012,0.007,1836.75,20.37,Profit
2025/05/16,INFY,1247,1265.1,1228.19,1247.71,1245.95,473094,0.0006,1832.23,0.71,Profit
2025/05/16,WIPRO,1958.56,1972.57,1943.58,1962.99,1961.69,390218,0.0023,1835.414,4.43,Profit
2025/05/16,HDFC,672.98,686.49,657.64,670.66,671.86,430578,-0.0034,1834.304,-2.32,Loss
2025/05/16,RELIANCE,2383.73,2395.71,2377.83,2388.87,2389.12,243239,0.0022,1834.544,5.14,Profit
2025/05/19,TCS,2890.32,2900.39,2879.69,2890.92,2889.3,147218,0.0002,1829.476,0.6,Profit
2025/05/19,INFY,1262.51,1278.73,1254.74,1263.63,1262.47,486731,0.0009,1827.888,1.12,Profit
2025/05/19,WIPRO,1954.42,1965.17,1941.64,1957.44,1955.63,152259,0.0015,1823.484,3.02,Profit
2025/05/19,HDFC,678.07,684.64,663.52,671.86,672.69,455714,-0.0092,1822.726,-6.21,Loss
2025/05/19,RELIANCE,2357.09,2370.13,2350.64,2363.53,2363.33,116714,0.0027,1824.186,6.44,Profit
2025/05/20,TCS,2883.15,2895.13,2870.01,2882.98,2882.13,480225,-0.0001,1824.448,-0.17,Loss
2025/05/20,INFY,1251.25,1265.52,1240.72,1241.61,1241.46,410408,-0.0077,1823.524,-9.64,Loss
2025/05/20,WIPRO,1961.18,1967.42,1947.13,1953.65,1952.63,106869,-0.0038,1827.292,-7.53,Loss
2025/05/20,HDFC,683.6,699.24,665.54,679.16,680.02,477375,-0.0065,1823.37,-4.44,Loss
2025/05/20,RELIANCE,2359.64,2374.61,2342.71,2364.84,2366.55,100814,0.0022,1825.172,5.2,Profit
2025/05/21,TCS,2883.85,2889.41,2866.51,2878.36,2877.8,424384,-0.0019,1821.868,-5.49,Loss
2025/05/21,INFY,1262.51,1280.94,1249.83,1260.45,1260.58,360471,-0.0016,1823.678,-2.06,Loss
2025/05/21,WIPRO,1940.76,1951.1,1924.97,1934.04,1933.23,118793,-0.0035,1821.612,-6.72,Loss
2025/05/21,HDFC,677.21,694.43,671.01,688.17,689.75,223603,0.0162,1826.33,10.96,Profit
2025/05/21,RELIANCE,2361.66,2368.95,2341.77,2348.32,2350.03,464982,-0.0056,1827.84,-13.34,Loss
2025/05/22,TCS,2888.64,2905.19,2880.4,2887.41,2887.9,141348,-0.0004,1833.99,-1.23,Loss
2025/05/22,INFY,1252.72,1265.71,1244.08,1250.12,1249.2,196462,-0.0021,1840.596,-2.6,Loss
2025/05/22,WIPRO,1946.51,1961.47,1927.46,1957.63,1958.56,234357,0.0057,1841.116,11.12,Profit
2025/05/22,HDFC,696.17,707.95,681.52,695.72,695.83,153850,-0.0006,1839.818,-0.45,Loss
2025/05/22,RELIANCE,2379.13,2391.94,2364.78,2379.07,2377.43,115372,0,1836.458,-0.06,Loss
2025/05/23,TCS,2911.89,2926.45,2896,2920.44,2922.34,232136,0.0029,1833.418,8.55,Profit
2025/05/23,INFY,1252.13,1261.96,1243.96,1252.72,1252.03,135327,0.0005,1823.854,0.59,Profit
2025/05/23,WIPRO,1962.08,1967.85,1949.63,1951.14,1951.53,392564,-0.0056,1828.802,-10.94,Loss
2025/05/23,HDFC,679.3,685.21,670.59,678.92,677.56,362083,-0.0006,1831.416,-0.38,Loss
2025/05/23,RELIANCE,2361.73,2379.12,2345,2363.87,2364.7,133149,0.0009,1832.976,2.14,Profit
2025/05/26,TCS,2867.75,2884.68,2858.69,2872.62,2872.38,456826,0.0017,1829.424,4.87,Profit
2025/05/26,INFY,1270.87,1287.71,1258.39,1277.46,1275.81,227069,0.0052,1832.642,6.59,Profit
2025/05/26,WIPRO,1967.49,1974.09,1961.36,1964.21,1965.12,302744,-0.0017,1834.184,-3.28,Loss
2025/05/26,HDFC,679.8,699.44,669.75,686.72,685.45,256861,0.0102,1836.726,6.92,Profit
2025/05/26,RELIANCE,2359.14,2365.45,2340.09,2346.11,2346.33,202592,-0.0055,1838.264,-13.03,Loss
2025/05/27,TCS,2880.28,2887.88,2872.93,2888.71,2887.71,483496,0.0029,1838.914,8.43,Profit
2025/05/27,INFY,1277.74,1293.92,1266.27,1285.17,1283.68,462344,0.0058,1843.276,7.43,Profit
2025/05/27,WIPRO,1975.75,1987.27,1967.05,1976.92,1978.2,332705,0.0006,1834.02,1.17,Profit
2025/05/27,HDFC,689.19,701.66,675.86,694.41,695.29,373629,0.0076,1831.596,5.22,Profit
2025/05/27,RELIANCE,2358.52,2370.23,2344.51,2349.36,2349.42,292274,-0.0039,1828.79,-9.16,Loss
2025/05/28,TCS,2905.65,2920.55,2896.45,2910.52,2912.34,301006,0.0017,1833.356,4.87,Profit
2025/05/28,INFY,1245.24,1259.93,1231.68,1238.89,1238.31,264438,-0.0051,1831.546,-6.35,Loss
2025/05/28,WIPRO,1962.32,1971.4,1948.47,1964.8,1964.24,379761,0.0013,1834.954,2.48,Profit
2025/05/28,HDFC,683.38,691.37,668.18,680.38,678.67,337614,-0.0044,1829.834,-3,Loss
2025/05/28,RELIANCE,2366.94,2386.82,2349.17,2372.19,2371.02,440230,0.0022,1832.406,5.25,Profit
2025/05/29,TCS,2891.77,2905.95,2880.48,2901.47,2900.46,140412,0.0034,1831.672,9.7,Profit
2025/05/29,INFY,1254.28,1262.84,1247.75,1255.93,1254.54,496471,0.0013,1564.2225,1.65,Profit
2025/05/29,WIPRO,1942.81,1955.94,1924.72,1939.2,1940.13,337155,-0.0019,1666.986667,-3.61,Loss
2025/05/29,HDFC,693.91,709.82,677.77,693.24,692.94,135965,-0.001,1530.88,-0.67,Loss
2025/05/29,RELIANCE,2362.61,2380.78,2344.59,2368.52,2369.74,211867,0.0025,2368.52,5.91,Profit
